,Rk,Player,Tm,Age,Pos,G,GS,QBrec,Cmp,Att,Cmp%,Yds,TD,TD%,Int,Int%,1D,Succ%,Lng,Y/A,AY/A,Y/C,Y/G,Rate,QBR,Sk,Yds.1,Sk%,NY/A,ANY/A,4QC,GWD
0,1,Patrick Mahomes*+,KAN,27,QB,17,17,14-3-0,435,648,67.1,5250,41,6.3,12,1.9,272,54.6,67,8.1,8.5,12.1,308.8,105.2,79.0,26,188,3.9,7.51,7.93,4.0,4.0
1,2,Justin Herbert,LAC,24,QB,17,17,10-7-0,477,699,68.2,4739,25,3.6,10,1.4,228,46.3,55,6.8,6.9,9.9,278.8,93.2,60.2,38,206,5.2,6.15,6.22,4.0,5.0
2,3,Tom Brady,TAM,45,QB,17,17,8-9-0,490,733,66.8,4694,25,3.4,9,1.2,237,49.5,63,6.4,6.5,9.6,276.1,90.7,54.6,22,160,2.9,6.01,6.13,4.0,5.0
3,4,Kirk Cousins*,MIN,34,QB,17,17,13-4-0,424,643,65.9,4547,29,4.5,14,2.2,230,46.3,66,7.1,7.0,10.7,267.5,92.5,52.3,46,329,6.7,6.12,6.05,8.0,8.0
4,5,Joe Burrow*,CIN,26,QB,16,16,12-4-0,414,606,68.3,4475,35,5.8,12,2.0,222,50.1,60,7.4,7.6,10.8,279.7,100.8,60.8,41,259,6.3,6.52,6.76,3.0,4.0
5,6,Jared Goff*,DET,28,QB,17,17,9-8-0,382,587,65.1,4438,29,4.9,7,1.2,227,50.3,81,7.6,8.0,11.6,261.1,99.3,63.3,23,156,3.8,7.02,7.45,3.0,3.0
6,7,Josh Allen*,BUF,26,QB,16,16,13-3-0,359,567,63.3,4283,35,6.2,14,2.5,214,52.2,98,7.6,7.7,11.9,267.7,96.6,73.4,33,162,5.5,6.87,6.99,3.0,4.0
7,8,Geno Smith*,SEA,32,QB,17,17,9-8-0,399,572,69.8,4282,30,5.2,11,1.9,206,48.2,54,7.5,7.7,10.7,251.9,100.9,62.8,46,348,7.4,6.37,6.54,2.0,3.0
8,9,Trevor Lawrence*,JAX,23,QB,17,17,9-8-0,387,584,66.3,4113,25,4.3,8,1.4,206,48.1,59,7.0,7.3,10.6,241.9,95.2,56.1,27,184,4.4,6.43,6.66,3.0,2.0
9,10,Jalen Hurts*,PHI,24,QB,15,15,14-1-0,306,460,66.5,3701,22,4.8,6,1.3,165,46.4,68,8.0,8.4,12.1,246.7,101.5,68.3,38,231,7.6,6.97,7.31,1.0,2.0
10,11,Aaron Rodgers,GNB,39,QB,17,17,8-9-0,350,542,64.6,3695,26,4.8,12,2.2,177,45.1,58,6.8,6.8,10.6,217.4,91.1,41.3,32,258,5.6,5.99,5.95,3.0,4.0
11,12,Tua Tagovailoa,MIA,24,QB,13,13,8-5-0,259,400,64.8,3548,25,6.3,8,2.0,162,49.9,84,8.9,9.2,13.7,272.9,105.5,70.6,21,163,5.0,8.04,8.37,2.0,2.0
12,13,Russell Wilson,DEN,34,QB,15,15,4-11-0,292,483,60.5,3524,16,3.3,11,2.3,142,36.2,67,7.3,6.9,12.1,234.9,84.4,38.7,55,368,10.2,5.87,5.54,3.0,3.0
13,14,Derek Carr*,LVR,31,QB,15,15,6-9-0,305,502,60.8,3522,24,4.8,14,2.8,161,42.3,60,7.0,6.7,11.5,234.8,86.3,57.6,27,191,5.1,6.3,6.01,4.0,3.0
14,15,Daniel Jones,NYG,25,QB,16,16,9-6-1,317,472,67.2,3205,15,3.2,5,1.1,156,45.7,65,6.8,6.9,10.1,200.3,92.5,62.9,44,243,8.5,5.74,5.89,4.0,5.0
15,16,Davis Mills,HOU,24,QB,15,15,3-10-1,292,479,61.0,3118,17,3.5,15,3.1,135,40.0,58,6.5,5.8,10.7,207.9,78.8,35.0,31,244,6.1,5.64,4.98,2.0,3.0
16,17,Matt Ryan,IND,37,QB,12,12,4-7-1,309,461,67.0,3057,14,3.0,13,2.8,156,44.9,45,6.6,6.0,9.9,254.8,83.9,44.9,38,287,7.6,5.55,4.94,5.0,4.0
17,18,Mac Jones,NWE,24,QB,14,14,6-8-0,288,442,65.2,2997,14,3.2,11,2.5,127,41.4,48,6.8,6.3,10.4,214.1,84.8,38.4,34,231,7.1,5.81,5.36,0.0,0.0
18,19,Andy Dalton,NOR,35,QB,14,14,6-8-0,252,378,66.7,2871,18,4.8,9,2.4,135,48.9,64,7.6,7.5,11.4,205.1,95.2,53.1,25,189,6.2,6.66,6.54,1.0,1.0
19,20,Dak Prescott,DAL,29,QB,12,12,8-4-0,261,394,66.2,2860,23,5.8,15,3.8,142,51.7,68,7.3,6.7,11.0,238.3,91.1,59.9,20,126,4.8,6.6,6.08,2.0,2.0
20,21,Jacoby Brissett,CLE,30,QB,16,11,4-7-0,236,369,64.0,2608,12,3.3,6,1.6,129,44.5,55,7.1,7.0,11.1,163.0,88.9,62.0,24,160,6.1,6.23,6.15,2.0,2.0
21,22,Ryan Tannehill,TEN,34,QB,12,12,6-6-0,212,325,65.2,2536,13,4.0,6,1.8,116,45.3,69,7.8,7.8,12.0,211.3,94.6,51.2,33,238,9.2,6.42,6.39,,
22,23,Jimmy Garoppolo,SFO,31,QB,11,10,7-3-0,207,308,67.2,2437,16,5.2,4,1.3,114,53.1,57,7.9,8.4,11.8,221.5,103.0,56.3,18,100,5.5,7.17,7.6,1.0,1.0
23,24,Kenny Pickett,PIT,24,QB,13,12,7-5-0,245,389,63.0,2404,7,1.8,9,2.3,123,44.0,57,6.2,5.5,9.8,184.9,76.7,53.6,27,182,6.5,5.34,4.7,3.0,4.0
24,25,Kyler Murray,ARI,25,QB,11,11,3-8-0,259,390,66.4,2368,14,3.6,7,1.8,119,45.1,38,6.1,6.0,9.1,215.3,87.2,53.6,25,192,6.0,5.24,5.16,1.0,1.0
25,26,Justin Fields,CHI,23,QB,15,15,3-12-0,192,318,60.4,2242,17,5.3,11,3.5,91,36.7,56,7.1,6.6,11.7,149.5,85.2,56.3,55,359,14.7,5.05,4.63,1.0,2.0
26,27,Lamar Jackson,BAL,25,QB,12,12,8-4-0,203,326,62.3,2242,17,5.2,7,2.1,105,44.6,75,6.9,7.0,11.0,186.8,91.1,61.1,26,114,7.4,6.05,6.12,1.0,2.0
27,28,Marcus Mariota,ATL,29,QB,13,13,5-8-0,184,300,61.3,2219,15,5.0,9,3.0,111,45.1,75,7.4,7.0,12.1,170.7,88.2,57.7,28,195,8.5,6.17,5.85,2.0,3.0
28,29,Baker Mayfield,2TM,27,,12,10,2-8-0,201,335,60.0,2163,10,3.0,8,2.4,94,38.0,75,6.5,6.0,10.8,180.3,79.0,26.3,36,217,9.7,5.25,4.81,1.0,1.0
29,30,Matthew Stafford,LAR,34,QB,9,9,3-6-0,206,303,68.0,2087,10,3.3,8,2.6,105,49.7,75,6.9,6.4,10.1,231.9,87.4,52.3,29,208,8.7,5.66,5.18,,
30,31,Taylor Heinicke,WAS,29,QB,9,9,5-3-1,161,259,62.2,1859,12,4.6,6,2.3,93,43.2,61,7.2,7.1,11.5,206.6,89.6,46.5,19,141,6.8,6.18,6.07,2.0,1.0
31,32,Carson Wentz,WAS,30,QB,8,7,2-5-0,172,276,62.3,1755,11,4.0,9,3.3,85,42.4,75,6.4,5.7,10.2,219.4,80.2,34.4,26,159,8.6,5.28,4.67,2.0,2.0
32,33,Zach Wilson,NYJ,23,QB,9,9,5-4-0,132,242,54.5,1688,6,2.5,7,2.9,73,37.7,79,7.0,6.2,12.8,187.6,72.8,38.5,23,175,8.7,5.71,4.97,1.0,2.0
33,34,Brock Purdy,SFO,23,QB,9,5,5-0-0,114,170,67.1,1374,13,7.6,4,2.4,66,50.3,54,8.1,8.6,12.1,152.7,107.3,67.5,11,84,6.1,7.13,7.57,1.0,1.0
34,35,Mitchell Trubisky,PIT,28,QB,7,5,2-3-0,117,180,65.0,1252,4,2.2,5,2.8,65,45.5,45,7.0,6.2,10.7,178.9,81.1,58.5,11,68,5.8,6.2,5.44,0.0,1.0
35,36,Mike White,NYJ,27,QB,4,4,1-3-0,103,175,58.9,1192,3,1.7,4,2.3,56,41.3,60,6.8,6.1,11.6,298.0,75.7,38.9,9,76,4.9,6.07,5.41,,
36,37,Sam Darnold,CAR,25,QB,6,6,4-2-0,82,140,58.6,1143,7,5.0,3,2.1,57,44.0,52,8.2,8.2,13.9,190.5,92.6,51.4,10,78,6.7,7.1,7.13,0.0,1.0
37,38,Deshaun Watson,CLE,27,QB,6,6,3-3-0,99,170,58.2,1102,7,4.1,5,2.9,53,41.6,46,6.5,6.0,11.1,183.7,79.1,40.4,20,106,10.5,5.24,4.79,,
38,39,Joe Flacco,NYJ,37,QB,5,4,1-3-0,110,191,57.6,1051,5,2.6,3,1.6,55,39.3,66,5.5,5.3,9.6,210.2,75.2,36.1,10,66,5.0,4.9,4.73,1.0,1.0
39,40,Cooper Rush,DAL,29,QB,9,5,4-1-0,94,162,58.0,1051,5,3.1,3,1.9,52,38.5,46,6.5,6.3,11.2,116.8,80.0,60.8,7,49,4.1,5.93,5.72,0.0,2.0
40,41,Jameis Winston,NOR,28,QB,3,3,1-2-0,73,115,63.5,858,4,3.5,5,4.3,35,43.7,51,7.5,6.2,11.8,286.0,79.5,34.7,11,74,8.7,6.22,5.07,1.0,1.0
41,42,Bailey Zappe,NWE,23,QB,4,2,2-0-0,65,92,70.7,781,5,5.4,3,3.3,37,50.0,53,8.5,8.1,12.0,195.3,100.9,36.4,6,40,6.1,7.56,7.2,,
42,43,Colt McCoy,ARI,36,QB,4,3,1-2-0,90,132,68.2,780,1,0.8,3,2.3,34,39.3,47,5.9,5.0,8.7,195.0,76.6,39.3,13,97,9.0,4.71,3.92,,
43,44,P.J. Walker,CAR,27,QB,6,5,2-3-0,63,106,59.4,731,3,2.8,3,2.8,30,35.4,62,6.9,6.2,11.6,121.8,78.0,25.1,7,46,6.2,6.06,5.4,,
44,45,Desmond Ridder,ATL,23,QB,4,4,2-2-0,73,115,63.5,708,2,1.7,0,0.0,37,43.5,40,6.2,6.5,9.7,177.0,86.4,52.0,9,33,7.3,5.44,5.77,1.0,1.0
45,46,Teddy Bridgewater,MIA,30,QB,5,2,0-2-0,49,79,62.0,683,4,5.1,4,5.1,32,45.3,64,8.6,7.4,13.9,136.6,85.6,49.5,7,45,8.1,7.42,6.26,,
46,47,Gardner Minshew II,PHI,26,QB,5,2,0-2-0,44,76,57.9,663,3,3.9,3,3.9,30,43.9,78,8.7,7.7,15.1,132.6,83.4,41.6,6,28,7.3,7.74,6.83,,
47,48,Tyler Huntley*,BAL,24,QB,6,4,2-2-0,75,112,67.0,658,2,1.8,3,2.7,31,42.9,40,5.9,5.0,8.8,109.7,77.2,43.0,7,34,5.9,5.24,4.45,1.0,1.0
48,49,Jarrett Stidham,LVR,26,QB,5,2,0-2-0,53,83,63.9,656,4,4.8,3,3.6,32,43.3,60,7.9,7.2,12.4,131.2,89.2,59.7,7,47,7.8,6.77,6.16,,
49,50,Sam Ehlinger,IND,24,QB,4,3,0-3-0,64,101,63.4,573,3,3.0,3,3.0,28,40.9,47,5.7,4.9,9.0,143.3,76.1,33.8,14,87,12.2,4.23,3.57,,
50,51,Skylar Thompson,MIA,25,QB,7,2,1-1-0,60,105,57.1,534,1,1.0,3,2.9,26,36.0,32,5.1,4.0,8.9,76.3,62.2,28.7,6,40,5.4,4.45,3.41,0.0,1.0
51,52,Brett Rypien,DEN,26,QB,4,2,1-1-0,53,88,60.2,483,2,2.3,4,4.5,24,41.7,45,5.5,3.9,9.1,120.8,63.8,25.8,8,47,8.3,4.54,3.08,,
52,53,Kyle Allen,HOU,26,QB,2,2,0-2-0,46,78,59.0,416,2,2.6,4,5.1,19,33.7,39,5.3,3.5,9.0,208.0,60.6,3.7,5,41,6.0,4.52,2.83,,
53,54,Trace McSorley,ARI,27,QB,6,1,0-1-0,45,83,54.2,412,0,0.0,5,6.0,17,29.1,47,5.0,2.3,9.2,68.7,42.8,10.6,3,27,3.5,4.48,1.86,,
54,55,Joshua Dobbs,TEN,27,QB,2,2,0-2-0,40,68,58.8,411,2,2.9,2,2.9,25,39.2,39,6.0,5.3,10.3,205.5,73.8,52.8,6,26,8.1,5.2,4.53,,
55,56,David Blough,ARI,27,QB,2,2,0-2-0,38,58,65.5,402,2,3.4,2,3.4,18,36.5,77,6.9,6.1,10.6,201.0,82.7,29.8,5,24,7.9,6.0,5.21,,
56,57,John Wolford,LAR,27,QB,3,3,1-2-0,38,62,61.3,390,1,1.6,3,4.8,19,43.5,30,6.3,4.4,10.3,130.0,64.6,24.2,7,49,10.1,4.94,3.28,,
57,58,Anthony Brown,BAL,24,QB,2,1,0-1-0,22,49,44.9,302,0,0.0,2,4.1,13,31.5,47,6.2,4.3,13.7,151.0,48.2,,5,14,9.3,5.33,3.67,,
58,59,Malik Willis,TEN,23,QB,8,3,1-2-0,31,61,50.8,276,0,0.0,3,4.9,11,29.6,48,4.5,2.3,8.9,34.5,42.8,13.3,10,49,14.1,3.2,1.3,,
59,60,Taysom Hill,NOR,32,TE,16,8,,13,19,68.4,240,2,10.5,0,0.0,11,57.1,68,12.6,14.7,18.5,15.0,146.3,79.7,2,14,9.5,10.76,12.67,,
60,61,Nick Foles,IND,33,QB,3,2,0-2-0,25,42,59.5,224,0,0.0,4,9.5,9,30.0,49,5.3,1.0,9.0,74.7,34.3,8.0,8,48,16.0,3.52,-0.08,,
61,62,Nick Mullens,MIN,27,QB,4,0,,21,25,84.0,224,1,4.0,1,4.0,11,76.0,37,9.0,8.0,10.7,56.0,100.7,58.3,0,0,0.0,8.96,7.96,,
62,63,Jordan Love,GNB,24,QB,4,0,,14,21,66.7,195,1,4.8,0,0.0,9,57.1,63,9.3,10.2,13.9,48.8,112.2,83.2,0,0,0.0,9.29,10.24,,
63,64,Trey Lance,SFO,22,QB,2,2,1-1-0,15,31,48.4,194,0,0.0,1,3.2,6,33.3,44,6.3,4.8,12.9,97.0,55.0,36.9,2,9,6.1,5.61,4.24,,
64,65,Trevor Siemian,CHI,31,QB,2,1,0-1-0,15,26,57.7,184,1,3.8,1,3.8,7,39.3,33,7.1,6.1,12.3,92.0,76.4,27.9,2,14,7.1,6.07,5.18,,
65,66,Sam Howell,WAS,22,QB,1,1,1-0-0,11,19,57.9,169,1,5.3,1,5.3,6,27.3,52,8.9,7.6,15.4,169.0,83.0,48.3,3,11,13.6,7.18,6.05,,
66,67,Davis Webb,NYG,27,QB,1,1,0-1-0,23,40,57.5,168,1,2.5,0,0.0,11,35.0,25,4.2,4.7,7.3,168.0,75.8,76.9,0,0,0.0,4.2,4.7,,
67,68,Bryce Perkins,LAR,26,QB,5,1,0-1-0,19,34,55.9,161,1,2.9,2,5.9,10,32.5,20,4.7,2.7,8.5,32.2,53.7,28.7,6,50,15.0,2.78,1.03,,
68,69,Nathan Peterman,CHI,28,QB,3,1,0-1-0,14,25,56.0,139,1,4.0,1,4.0,9,38.5,28,5.6,4.6,9.9,46.3,68.6,41.9,1,6,3.8,5.12,4.15,,
69,70,Jeff Driskel,HOU,29,QB,7,2,0-1-0,14,20,70.0,108,1,5.0,0,0.0,5,40.9,28,5.4,6.4,7.7,15.4,99.6,20.9,2,13,9.1,4.32,5.23,,
70,71,Chris Streveler,NYJ,27,QB,2,1,,10,15,66.7,90,0,0.0,0,0.0,5,53.3,30,6.0,6.0,9.0,45.0,82.6,73.9,0,0,0.0,6.0,6.0,,
71,72,Jacob Eason,CAR,25,QB,1,0,,3,5,60.0,59,0,0.0,1,20.0,2,60.0,49,11.8,2.8,19.7,59.0,61.7,0.9,0,0,0.0,11.8,2.8,,
72,73,Tyrod Taylor,NYG,33,QB,3,0,,6,8,75.0,58,1,12.5,1,12.5,3,45.5,19,7.3,4.1,9.7,19.3,94.8,11.6,3,18,27.3,3.64,1.36,,
73,74,Chase Daniel,LAC,36,QB,4,0,,8,12,66.7,52,1,8.3,0,0.0,4,46.2,13,4.3,6.0,6.5,13.0,103.5,59.9,1,1,7.7,3.92,5.46,,
74,75,Brian Hoyer,NWE,37,QB,1,1,0-1-0,5,6,83.3,37,0,0.0,0,0.0,2,42.9,27,6.2,6.2,7.4,37.0,92.4,28.4,1,8,14.3,4.14,4.14,,
75,76,C.J. Beathard,JAX,29,QB,4,0,,7,11,63.6,35,0,0.0,1,9.1,2,33.3,11,3.2,-0.9,5.0,8.8,30.5,22.9,1,5,8.3,2.5,-1.25,,
76,77,Justin Jefferson*+,MIN,23,WR,17,17,,2,2,100.0,34,0,0.0,0,0.0,2,100.0,23,17.0,17.0,17.0,2.0,118.7,95.2,0,0,0.0,17.0,17.0,,
77,78,Christian McCaffrey*,2TM,26,RB,17,16,,1,1,100.0,34,1,100.0,0,0.0,1,100.0,34,34.0,54.0,34.0,2.0,158.3,100.0,0,0,0.0,34.0,54.0,,
78,79,Tim Boyle,CHI,28,QB,1,0,,2,8,25.0,33,0,0.0,2,25.0,2,25.0,17,4.1,-7.1,16.5,33.0,4.7,1.2,0,0,0.0,4.13,-7.13,,
79,80,Blaine Gabbert,TAM,33,QB,1,0,,6,8,75.0,29,1,12.5,0,0.0,2,37.5,13,3.6,6.1,4.8,29.0,119.3,59.9,0,0,0.0,3.63,6.13,,
80,81,Tyler Boyd,CIN,28,WR,16,14,,1,1,100.0,23,0,0.0,0,0.0,1,50.0,23,23.0,23.0,23.0,1.4,118.7,14.3,1,12,50.0,5.5,5.5,,
81,82,Kyle Trask,TAM,24,QB,1,0,,3,9,33.3,23,0,0.0,0,0.0,1,22.2,9,2.6,2.6,7.7,23.0,42.4,1.7,0,0,0.0,2.56,2.56,,
82,83,Brandon Allen,CIN,30,QB,1,0,,3,3,100.0,22,0,0.0,0,0.0,1,25.0,13,7.3,7.3,7.3,22.0,97.2,46.5,1,0,25.0,5.5,5.5,,
83,84,Riley Dixon,LAR,29,P,17,0,,2,2,100.0,18,0,0.0,0,0.0,2,100.0,12,9.0,9.0,9.0,1.1,104.2,,0,0,0.0,9.0,9.0,,
84,85,Braden Mann,NYJ,25,P,17,0,,1,2,50.0,17,0,0.0,0,0.0,1,50.0,17,8.5,8.5,17.0,1.0,79.2,0.0,0,0,0.0,8.5,8.5,,
85,86,Ryan Wright,MIN,22,P,17,0,,1,2,50.0,13,0,0.0,0,0.0,1,50.0,13,6.5,6.5,13.0,0.8,70.8,,0,0,0.0,6.5,6.5,,
86,87,Josh Johnson,SFO,36,QB,2,0,,1,2,50.0,10,0,0.0,0,0.0,1,50.0,10,5.0,5.0,10.0,5.0,64.6,21.9,0,0,0.0,5.0,5.0,,
87,88,Case Keenum,BUF,34,QB,2,0,,2,7,28.6,8,0,0.0,0,0.0,0,0.0,5,1.1,1.1,4.0,4.0,39.6,4.7,0,0,0.0,1.14,1.14,,
88,89,Jack Fox,DET,26,P,17,0,,1,1,100.0,6,0,0.0,0,0.0,1,100.0,6,6.0,6.0,6.0,0.4,91.7,,0,0,0.0,6.0,6.0,,
89,90,Najee Harris,PIT,24,RB,17,17,,1,1,100.0,4,0,0.0,0,0.0,0,100.0,4,4.0,4.0,4.0,0.2,83.3,10.8,0,0,0.0,4.0,4.0,,
90,91,Derrick Henry*,TEN,28,RB,16,16,,2,2,100.0,4,1,50.0,0,0.0,1,50.0,3,2.0,12.0,2.0,0.3,118.7,45.2,0,0,0.0,2.0,12.0,,
91,92,Mack Hollins,LVR,29,WR,17,16,,1,1,100.0,4,0,0.0,0,0.0,0,0.0,4,4.0,4.0,4.0,0.2,83.3,23.6,0,0,0.0,4.0,4.0,,
92,93,Andy Lee,ARI,40,P,17,0,,1,1,100.0,4,0,0.0,0,0.0,1,100.0,4,4.0,4.0,4.0,0.2,83.3,,0,0,0.0,4.0,4.0,,
93,94,Braxton Berrios,NYJ,27,WR,17,2,,1,1,100.0,2,1,100.0,0,0.0,1,100.0,2,2.0,22.0,2.0,0.1,118.7,99.6,0,0,0.0,2.0,22.0,,
94,95,Chase Claypool,2TM,24,WR,15,11,,1,1,100.0,1,1,100.0,0,0.0,1,100.0,1,1.0,21.0,1.0,0.1,118.7,100.0,0,0,0.0,1.0,21.0,,
95,96,Rex Burkhead,HOU,32,RB,16,0,,0,1,0.0,0,0,0.0,0,0.0,0,0.0,0,0.0,0.0,,0.0,39.6,3.2,0,0,0.0,0.0,0.0,,
96,97,Amari Cooper,CLE,28,WR,17,17,,0,1,0.0,0,0,0.0,1,100.0,0,0.0,0,0.0,-45.0,,0.0,0.0,0.0,0,0,0.0,0.0,-45.0,,
97,98,DeeJay Dallas,SEA,24,RB,15,0,,0,1,0.0,0,0,0.0,1,100.0,0,0.0,0,0.0,-45.0,,0.0,0.0,0.0,0,0,0.0,0.0,-45.0,,
98,99,Phillip Dorsett,HOU,29,WR,15,4,,0,1,0.0,0,0,0.0,0,0.0,0,0.0,0,0.0,0.0,,0.0,39.6,2.7,0,0,0.0,0.0,0.0,,
99,100,Leonard Fournette,TAM,27,RB,16,9,,0,1,0.0,0,0,0.0,1,100.0,0,0.0,0,0.0,-45.0,,0.0,0.0,0.0,0,0,0.0,0.0,-45.0,,
100,101,Chad Henne,KAN,37,QB,3,0,,0,2,0.0,0,0,0.0,0,0.0,0,0.0,0,0.0,0.0,,0.0,39.6,3.8,0,0,0.0,0.0,0.0,,
101,102,Christian Kirk,JAX,26,WR,17,17,,0,1,0.0,0,0,0.0,0,0.0,0,0.0,0,0.0,0.0,,0.0,39.6,10.7,0,0,0.0,0.0,0.0,,
102,103,Cooper Kupp,LAR,29,WR,9,9,,0,1,0.0,0,0,0.0,0,0.0,0,0.0,0,0.0,0.0,,0.0,39.6,3.3,0,0,0.0,0.0,0.0,,
103,104,James Proche,BAL,26,WR,15,0,,0,1,0.0,0,0,0.0,1,100.0,0,0.0,0,0.0,-45.0,,0.0,0.0,0.0,0,0,0.0,0.0,-45.0,,
104,105,Tommy Townsend*+,KAN,26,P,17,0,,0,1,0.0,0,0,0.0,0,0.0,0,0.0,0,0.0,0.0,,0.0,39.6,,0,0,0.0,0.0,0.0,,
105,106,Garrett Wilson,NYJ,22,WR,17,12,,0,1,0.0,0,0,0.0,0,0.0,0,0.0,0,0.0,0.0,,0.0,39.6,0.8,0,0,0.0,0.0,0.0,,
106,1,Brock Purdy,SFO,24,QB,3,3,3-0-0,61,91,67.0,736,4,4.4,0,0.0,37,49.5,40,8.1,9.0,12.1,245.3,106.3,77.0,6,27,6.2,7.31,8.13,,
107,2,Tua Tagovailoa,MIA,25,QB,2,2,2-0-0,49,75,65.3,715,4,5.3,2,2.7,38,59.2,47,9.5,9.4,14.6,357.5,102.9,77.7,1,5,1.3,9.34,9.21,1.0,1.0
108,3,Kirk Cousins,MIN,35,QB,2,2,0-2-0,64,88,72.7,708,6,6.8,1,1.1,34,46.7,62,8.0,8.9,11.1,354.0,114.2,70.8,4,34,4.3,7.33,8.14,,
109,4,Matthew Stafford,LAR,35,QB,2,2,1-1-0,58,93,62.4,641,1,1.1,2,2.2,34,50.0,44,6.9,6.1,11.1,320.5,77.4,68.4,1,10,1.1,6.71,5.97,,
110,5,C.J. Stroud,HOU,22,QB,2,2,0-2-0,58,91,63.7,626,2,2.2,0,0.0,31,44.1,32,6.9,7.3,10.8,313.0,91.2,36.2,11,93,10.8,5.23,5.62,,
111,6,Jared Goff,DET,29,QB,2,2,1-1-0,50,70,71.4,576,4,5.7,1,1.4,28,57.5,39,8.2,8.7,11.5,288.0,109.0,74.1,3,10,4.1,7.75,8.23,1.0,1.0
112,7,Daniel Jones,NYG,26,QB,3,3,1-2-0,63,97,64.9,562,2,2.1,4,4.1,26,38.5,58,5.8,4.4,8.9,187.3,70.0,48.0,12,72,11.0,4.5,3.21,1.0,1.0
113,8,Mac Jones,NWE,25,QB,2,2,0-2-0,66,96,68.8,547,4,4.2,2,2.1,28,47.1,32,5.7,5.6,8.3,273.5,88.3,54.6,6,41,5.9,4.96,4.86,,
114,9,Justin Herbert,LAC,25,QB,2,2,0-2-0,50,74,67.6,534,3,4.1,0,0.0,24,50.0,42,7.2,8.0,10.7,267.0,102.0,57.2,6,53,7.5,6.01,6.76,,
115,10,Derek Carr,NOR,32,QB,2,2,2-0-0,44,69,63.8,533,1,1.4,2,2.9,23,45.5,45,7.7,6.7,12.1,266.5,80.2,47.3,8,52,10.4,6.25,5.34,,
116,11,Patrick Mahomes,KAN,28,QB,2,2,1-1-0,50,80,62.5,531,4,5.0,2,2.5,22,45.7,54,6.6,6.5,10.6,265.5,88.1,65.1,1,7,1.2,6.47,6.35,,
117,12,Josh Allen,BUF,27,QB,2,2,1-1-0,60,78,76.9,510,4,5.1,3,3.8,28,51.8,40,6.5,5.8,8.5,255.0,94.5,56.9,7,26,8.2,5.69,5.05,,
118,13,Sam Howell,WAS,23,QB,2,2,2-0-0,46,70,65.7,501,3,4.3,1,1.4,21,45.0,36,7.2,7.4,10.9,250.5,95.0,52.3,10,79,12.5,5.28,5.46,2.0,2.0
119,14,Baker Mayfield,TAM,28,QB,2,2,2-0-0,47,68,69.1,490,3,4.4,0,0.0,19,43.5,70,7.2,8.1,10.4,245.0,104.4,64.8,1,4,1.4,7.04,7.91,0.0,1.0
120,15,Russell Wilson,DEN,35,QB,2,2,0-2-0,45,66,68.2,485,5,7.6,1,1.5,19,44.0,60,7.3,8.2,10.8,242.5,108.5,61.2,9,42,12.0,5.91,6.64,,
121,16,Trevor Lawrence,JAX,24,QB,2,2,1-1-0,46,73,63.0,457,2,2.7,1,1.4,24,46.8,45,6.3,6.2,9.9,228.5,84.1,34.9,6,22,7.6,5.51,5.44,1.0,1.0
122,17,Kenny Pickett,PIT,25,QB,2,2,1-1-0,46,76,60.5,454,2,2.6,3,3.9,15,34.9,71,6.0,4.7,9.9,227.0,69.7,19.9,7,56,8.4,4.8,3.65,0.0,0.0
123,18,Ryan Tannehill,TEN,35,QB,2,2,1-1-0,36,58,62.1,444,1,1.7,3,5.2,17,37.9,70,7.7,5.7,12.3,222.0,69.9,29.5,8,63,12.1,5.77,4.03,1.0,1.0
124,19,Geno Smith,SEA,33,QB,2,2,1-1-0,48,67,71.6,440,3,4.5,0,0.0,25,55.7,31,6.6,7.5,9.2,220.0,104.1,65.2,3,34,4.3,5.8,6.66,1.0,1.0
125,20,Justin Fields,CHI,24,QB,2,2,0-2-0,40,66,60.6,427,2,3.0,3,4.5,21,36.8,33,6.5,5.0,10.7,213.5,70.7,22.5,10,69,13.2,4.71,3.46,,
126,21,Lamar Jackson,BAL,26,QB,2,2,2-0-0,41,55,74.5,406,2,3.6,1,1.8,20,55.9,52,7.4,7.3,9.9,203.0,99.5,52.2,4,14,6.8,6.64,6.56,,
127,22,Dak Prescott,DAL,30,QB,2,2,2-0-0,44,62,71.0,398,2,3.2,0,0.0,24,49.2,49,6.4,7.1,9.0,199.0,98.7,82.8,1,7,1.6,6.21,6.84,,
128,23,Jordan Love,GNB,25,QB,2,2,1-1-0,29,52,55.8,396,6,11.5,0,0.0,20,44.4,51,7.6,9.9,13.7,198.0,118.7,75.2,2,19,3.7,6.98,9.2,,
129,24,Deshaun Watson,CLE,28,QB,2,2,1-1-0,38,69,55.1,389,2,2.9,2,2.9,21,37.2,33,5.6,4.9,10.2,194.5,69.1,29.2,9,35,11.5,4.54,3.9,,
130,25,Jimmy Garoppolo,LVR,32,QB,2,2,1-1-0,36,50,72.0,385,3,6.0,3,6.0,21,58.0,23,7.7,6.2,10.7,192.5,89.2,57.1,0,0,0.0,7.7,6.2,1.0,1.0
131,26,Jalen Hurts,PHI,25,QB,2,2,2-0-0,40,56,71.4,363,2,3.6,1,1.8,12,33.3,63,6.5,6.4,9.1,181.5,93.1,39.7,7,38,11.1,5.16,5.08,,
132,27,Joshua Dobbs,ARI,28,QB,2,2,0-2-0,42,61,68.9,360,1,1.6,0,0.0,20,43.8,31,5.9,6.2,8.6,180.0,89.5,51.7,3,18,4.7,5.34,5.66,,
133,28,Desmond Ridder,ATL,24,QB,2,2,2-0-0,34,50,68.0,352,2,4.0,1,2.0,16,41.8,45,7.0,6.9,10.4,176.0,93.1,57.9,5,26,9.1,5.93,5.84,1.0,2.0
134,29,Zach Wilson,NYJ,24,QB,2,1,0-1-0,26,48,54.2,310,2,4.2,4,8.3,13,34.0,68,6.5,3.5,11.9,155.0,53.3,37.3,5,32,9.4,5.25,2.6,1.0,0.0
135,30,Joe Burrow,CIN,27,QB,2,2,0-2-0,41,72,56.9,304,2,2.8,1,1.4,16,34.7,32,4.2,4.2,7.4,152.0,70.6,48.3,3,21,4.0,3.77,3.71,,
136,31,Bryce Young,CAR,22,QB,2,2,0-2-0,42,71,59.2,299,2,2.8,2,2.8,17,33.8,22,4.2,3.5,7.1,149.5,66.6,36.3,6,33,7.8,3.45,2.81,,
137,32,Anthony Richardson,IND,21,QB,2,2,1-1-0,30,47,63.8,279,1,2.1,1,2.1,16,45.1,39,5.9,5.4,9.3,139.5,78.2,43.7,4,8,7.8,5.31,4.82,,
138,33,Gardner Minshew II,IND,27,QB,2,0,,19,25,76.0,171,1,4.0,0,0.0,9,52.0,43,6.8,7.6,9.0,85.5,107.2,86.1,0,0,0.0,6.84,7.64,,
139,34,Taysom Hill,NOR,33,QB,2,1,,1,1,100.0,8,0,0.0,0,0.0,0,100.0,8,8.0,8.0,8.0,4.0,100.0,82.3,0,0,0.0,8.0,8.0,,
140,35,Tyrod Taylor,NYG,34,QB,2,0,,2,3,66.7,6,0,0.0,0,0.0,0,33.3,9,2.0,2.0,3.0,3.0,70.1,5.7,0,0,0.0,2.0,2.0,,
141,36,Jake Browning,CIN,27,QB,1,0,,0,1,0.0,0,0,0.0,0,0.0,0,0.0,0,0.0,0.0,,0.0,39.6,3.0,0,0,0.0,0.0,0.0,,
142,37,Aaron Rodgers,NYJ,40,QB,1,1,1-0-0,0,1,0.0,0,0,0.0,0,0.0,0,0.0,0,0.0,0.0,,0.0,39.6,3.6,1,10,50.0,-5.0,-5.0,,
143,38,Cooper Rush,DAL,30,QB,1,0,,0,1,0.0,0,0,0.0,0,0.0,0,0.0,0,0.0,0.0,,0.0,39.6,0.0,0,0,0.0,0.0,0.0,,
144,39,Christian Kirk,JAX,27,WR,2,2,,1,1,100.0,-1,0,0.0,0,0.0,0,0.0,-1,-1.0,-1.0,-1.0,-0.5,79.2,4.0,0,0,0.0,-1.0,-1.0,,
